jogoId,num,fase,rodada,grupo,dataHora,status,timeCasa,timeVisitante,golsCasa,golsVisitante
f33b4927-322f-4f35-8296-03ef4a744fae,,GRUPOS,Matchday 1,Group A,2026-06-11T15:00:00.000Z,ENCERRADO,Mexico,South Africa,2,0
73199b1e-5e47-4be1-a6b4-041ac171431c,,GRUPOS,Matchday 1,Group A,2026-06-11T22:00:00.000Z,ENCERRADO,South Korea,Czech Republic,2,1
705a1919-9098-4a8c-82e8-61a8493318d8,,GRUPOS,Matchday 2,Group B,2026-06-12T15:00:00.000Z,ENCERRADO,Canada,Bosnia & Herzegovina,1,1
5a9ab8b9-2ee4-4674-bcb9-5076f96769ff,,GRUPOS,Matchday 2,Group D,2026-06-12T21:00:00.000Z,ENCERRADO,USA,Paraguay,4,1
febfa8f0-1e0e-41b4-8f71-c42245503f75,,GRUPOS,Matchday 3,Group B,2026-06-13T15:00:00.000Z,ENCERRADO,Qatar,Switzerland,1,1
8d259271-eae9-4826-80e5-749e0ab42bb1,,GRUPOS,Matchday 3,Group C,2026-06-13T18:00:00.000Z,ENCERRADO,Brazil,Morocco,1,1
0cb6f4e1-c8e7-45f7-ae8c-862bd9546e01,,GRUPOS,Matchday 3,Group C,2026-06-13T21:00:00.000Z,ENCERRADO,Haiti,Scotland,0,1
d2bb4311-cc33-4a5e-b210-36d4d6b8c95f,,GRUPOS,Matchday 3,Group D,2026-06-14T00:00:00.000Z,ENCERRADO,Australia,Turkey,2,0
c32f61ed-5dd5-4aba-a527-1742a1dc4c9d,,GRUPOS,Matchday 4,Group E,2026-06-14T13:00:00.000Z,ENCERRADO,Germany,Curaçao,7,1
01e47d95-5c68-4036-9f59-c2e6f0a0e13f,,GRUPOS,Matchday 4,Group F,2026-06-14T16:00:00.000Z,ENCERRADO,Netherlands,Japan,2,2
3cb95c71-80f9-4c41-97a3-0decd8f5c970,,GRUPOS,Matchday 4,Group E,2026-06-14T19:00:00.000Z,ENCERRADO,Ivory Coast,Ecuador,1,0
3190da5f-a588-4a3e-9611-cd992539fe8a,,GRUPOS,Matchday 4,Group F,2026-06-14T22:00:00.000Z,ENCERRADO,Sweden,Tunisia,5,1
5fdec0ae-0db7-4b71-863a-ae54c8c386a6,,GRUPOS,Matchday 5,Group H,2026-06-15T12:00:00.000Z,ENCERRADO,Spain,Cape Verde,0,0
1d1d118e-8fce-4b32-adff-af0df1bf1306,,GRUPOS,Matchday 5,Group G,2026-06-15T15:00:00.000Z,ENCERRADO,Belgium,Egypt,1,1
d59a58f0-503e-4b39-afe6-3b765165d737,,GRUPOS,Matchday 5,Group H,2026-06-15T18:00:00.000Z,ENCERRADO,Saudi Arabia,Uruguay,1,1
29dcf119-8ac3-42f4-b171-8bd35c1e77f7,,GRUPOS,Matchday 5,Group G,2026-06-15T21:00:00.000Z,ENCERRADO,Iran,New Zealand,2,2
5a305830-be9c-46d2-9810-fa7282c36942,,GRUPOS,Matchday 6,Group I,2026-06-16T15:00:00.000Z,ENCERRADO,France,Senegal,3,1
1d56ac05-0fdf-4476-94bf-a8b2254ecdf5,,GRUPOS,Matchday 6,Group I,2026-06-16T18:00:00.000Z,ENCERRADO,Iraq,Norway,1,4
ddfc2048-daf9-49cb-9696-05b30def1f27,,GRUPOS,Matchday 6,Group J,2026-06-16T21:00:00.000Z,ENCERRADO,Argentina,Algeria,3,0
b4ffb117-3d07-4b91-a534-fd3cd301d562,,GRUPOS,Matchday 6,Group J,2026-06-17T00:00:00.000Z,ENCERRADO,Austria,Jordan,3,1
4cc59670-bc10-44eb-980e-e6fa1b392d39,,GRUPOS,Matchday 7,Group K,2026-06-17T13:00:00.000Z,ENCERRADO,Portugal,DR Congo,1,1
2cc8c024-882c-49d3-b42b-0b34d51e4c31,,GRUPOS,Matchday 7,Group L,2026-06-17T16:00:00.000Z,ENCERRADO,England,Croatia,4,2
ff24403a-019f-43e2-88b1-40157d97890a,,GRUPOS,Matchday 7,Group L,2026-06-17T19:00:00.000Z,ENCERRADO,Ghana,Panama,1,0
0171de6d-3aef-41c9-91bb-50e967bc9383,,GRUPOS,Matchday 7,Group K,2026-06-17T22:00:00.000Z,ENCERRADO,Uzbekistan,Colombia,1,3
d31fa12d-65f6-416b-b7dc-210c0aeff4bf,,GRUPOS,Matchday 8,Group A,2026-06-18T12:00:00.000Z,ENCERRADO,Czech Republic,South Africa,1,1
e00087f2-d8fb-4a87-b368-e30a37ec8e44,,GRUPOS,Matchday 8,Group B,2026-06-18T15:00:00.000Z,ENCERRADO,Switzerland,Bosnia & Herzegovina,4,1
f243892f-ff42-414e-85d3-fdb50c697b05,,GRUPOS,Matchday 8,Group B,2026-06-18T18:00:00.000Z,ENCERRADO,Canada,Qatar,6,0
bfc8b7bc-2dcc-42ce-9123-6d1fd3c45a9d,,GRUPOS,Matchday 8,Group A,2026-06-18T21:00:00.000Z,ENCERRADO,Mexico,South Korea,1,0
49c174b7-c464-4916-be8e-c9adf5489d61,,GRUPOS,Matchday 9,Group D,2026-06-19T15:00:00.000Z,ENCERRADO,USA,Australia,2,0
a48358d6-b4c7-4f09-a00a-cb630819f8ef,,GRUPOS,Matchday 9,Group C,2026-06-19T18:00:00.000Z,ENCERRADO,Scotland,Morocco,0,1
6e8dfaca-52e0-489c-8f8d-bad25889f8aa,,GRUPOS,Matchday 9,Group C,2026-06-19T20:30:00.000Z,ENCERRADO,Brazil,Haiti,3,0
9a7c71dd-6726-4631-8f78-e5deb9fef73c,,GRUPOS,Matchday 9,Group D,2026-06-19T23:00:00.000Z,ENCERRADO,Turkey,Paraguay,0,1
1a3c502f-3218-4da5-bba5-6fe2da01734d,,GRUPOS,Matchday 10,Group F,2026-06-20T13:00:00.000Z,ENCERRADO,Netherlands,Sweden,5,1
472a5e85-7239-4f32-ab73-fd7e96b99666,,GRUPOS,Matchday 10,Group E,2026-06-20T16:00:00.000Z,ENCERRADO,Germany,Ivory Coast,2,1
a8f50583-b1af-425d-836c-64944df6c668,,GRUPOS,Matchday 10,Group E,2026-06-20T20:00:00.000Z,ENCERRADO,Ecuador,Curaçao,0,0
94ee8b2b-59f5-4cb6-9039-a8ddbfb45a43,,GRUPOS,Matchday 10,Group F,2026-06-21T00:00:00.000Z,ENCERRADO,Tunisia,Japan,0,4
ec9a9043-f83e-497e-907c-f0d58a78695a,,GRUPOS,Matchday 11,Group H,2026-06-21T12:00:00.000Z,ENCERRADO,Spain,Saudi Arabia,4,0
1be19345-5d2c-4123-a169-46cadcbc7ff2,,GRUPOS,Matchday 11,Group G,2026-06-21T15:00:00.000Z,ENCERRADO,Belgium,Iran,0,0
e3dca7c9-b2cc-4ad4-b02c-602ad4e61091,,GRUPOS,Matchday 11,Group H,2026-06-21T18:00:00.000Z,ENCERRADO,Uruguay,Cape Verde,2,2
ca17b700-6fcf-4698-a628-770228b859bf,,GRUPOS,Matchday 11,Group G,2026-06-21T21:00:00.000Z,ENCERRADO,New Zealand,Egypt,1,3
609c6c86-9a27-4c77-8f72-b0fa878924a9,,GRUPOS,Matchday 12,Group J,2026-06-22T13:00:00.000Z,ENCERRADO,Argentina,Austria,2,0
e322a9b7-1a86-4fef-8d1e-276b8e2d438d,,GRUPOS,Matchday 12,Group I,2026-06-22T17:00:00.000Z,ENCERRADO,France,Iraq,3,0
6488ec1b-cd97-409f-83ce-24befb4852be,,GRUPOS,Matchday 12,Group I,2026-06-22T20:00:00.000Z,ENCERRADO,Norway,Senegal,3,2
c1710c13-a884-47db-b770-4d0d7cf4b0f5,,GRUPOS,Matchday 12,Group J,2026-06-22T23:00:00.000Z,ENCERRADO,Jordan,Algeria,1,2
6990d81d-87d8-41b1-aea5-b6fbcfafcf7b,,GRUPOS,Matchday 13,Group K,2026-06-23T13:00:00.000Z,ENCERRADO,Portugal,Uzbekistan,5,0
c5771b35-3695-40b7-a63f-1be736f9d685,,GRUPOS,Matchday 13,Group L,2026-06-23T16:00:00.000Z,ENCERRADO,England,Ghana,0,0
a5897071-fca1-470c-b1f4-50ff34a5ff80,,GRUPOS,Matchday 13,Group L,2026-06-23T19:00:00.000Z,ENCERRADO,Panama,Croatia,0,1
6038b570-f0a1-4247-9752-82e48da6649f,,GRUPOS,Matchday 13,Group K,2026-06-23T22:00:00.000Z,ENCERRADO,Colombia,DR Congo,1,0
e4d4af35-c9e0-4d1b-89b7-e72893e5642d,,GRUPOS,Matchday 14,Group B,2026-06-24T15:00:00.000Z,ENCERRADO,Bosnia & Herzegovina,Qatar,3,1
f3d0c2c2-ce6a-47a7-8a8d-9268cc90bb61,,GRUPOS,Matchday 14,Group B,2026-06-24T15:00:00.000Z,ENCERRADO,Switzerland,Canada,2,1
702d0496-83e0-461d-82e9-e335698fca9e,,GRUPOS,Matchday 14,Group C,2026-06-24T18:00:00.000Z,ENCERRADO,Scotland,Brazil,0,3
6a824c8c-e1be-4339-acc3-3279deec17ad,,GRUPOS,Matchday 14,Group C,2026-06-24T18:00:00.000Z,ENCERRADO,Morocco,Haiti,4,2
52a29ff1-0db3-48b4-921f-1aa0f8940766,,GRUPOS,Matchday 14,Group A,2026-06-24T21:00:00.000Z,ENCERRADO,Czech Republic,Mexico,0,3
9ebfdd3b-789a-4e3a-a2b6-d7c31237e3d1,,GRUPOS,Matchday 14,Group A,2026-06-24T21:00:00.000Z,ENCERRADO,South Africa,South Korea,1,0
32e1259a-ec96-4e5b-8063-b0c1c3d87553,,GRUPOS,Matchday 15,Group E,2026-06-25T16:00:00.000Z,ENCERRADO,Ecuador,Germany,2,1
9bf43d45-0c13-438c-bd7a-6092b4aef4d2,,GRUPOS,Matchday 15,Group E,2026-06-25T16:00:00.000Z,ENCERRADO,Curaçao,Ivory Coast,0,2
908bbff6-9327-41c0-995f-29581a5f84ab,,GRUPOS,Matchday 15,Group F,2026-06-25T19:00:00.000Z,ENCERRADO,Tunisia,Netherlands,1,3
c7b8c1b3-52ad-4bef-81d9-1969853ba187,,GRUPOS,Matchday 15,Group F,2026-06-25T19:00:00.000Z,ENCERRADO,Japan,Sweden,1,1
e5959d04-83c8-4037-81fc-1133f95064c2,,GRUPOS,Matchday 15,Group D,2026-06-25T22:00:00.000Z,ENCERRADO,Paraguay,Australia,0,0
4e538c8b-876c-4009-849a-761125544175,,GRUPOS,Matchday 15,Group D,2026-06-25T22:00:00.000Z,ENCERRADO,Turkey,USA,3,2
276fc045-6d8a-40af-ba22-7e5c4b51e177,,GRUPOS,Matchday 16,Group I,2026-06-26T15:00:00.000Z,ENCERRADO,Norway,France,1,4
8e4c2b7f-aab6-4c6d-b181-7a637a728533,,GRUPOS,Matchday 16,Group I,2026-06-26T15:00:00.000Z,ENCERRADO,Senegal,Iraq,5,0
d83a4eb5-112c-4d4e-895b-737f0085d5dc,,GRUPOS,Matchday 16,Group H,2026-06-26T20:00:00.000Z,ENCERRADO,Cape Verde,Saudi Arabia,0,0
c6a97697-806b-45f8-8deb-24669a074940,,GRUPOS,Matchday 16,Group H,2026-06-26T20:00:00.000Z,ENCERRADO,Uruguay,Spain,0,1
d7a304b0-482e-46d8-b50b-d250885daf98,,GRUPOS,Matchday 16,Group G,2026-06-26T23:00:00.000Z,ENCERRADO,New Zealand,Belgium,1,5
360b9169-fffe-42c2-a352-481e999c5c10,,GRUPOS,Matchday 16,Group G,2026-06-26T23:00:00.000Z,ENCERRADO,Egypt,Iran,1,1
044a487b-ee61-4547-b15b-84630aae8b47,,GRUPOS,Matchday 17,Group L,2026-06-27T17:00:00.000Z,ENCERRADO,Panama,England,0,2
af891675-71a4-4e36-9820-710f18ef9e27,,GRUPOS,Matchday 17,Group L,2026-06-27T17:00:00.000Z,ENCERRADO,Croatia,Ghana,2,1
d048e70a-4271-483f-828e-5b0f3a2c32a2,,GRUPOS,Matchday 17,Group K,2026-06-27T19:30:00.000Z,ENCERRADO,Colombia,Portugal,0,0
509c27bb-9832-4145-8630-c309ac6b50cb,,GRUPOS,Matchday 17,Group K,2026-06-27T19:30:00.000Z,ENCERRADO,DR Congo,Uzbekistan,3,1
5e870695-b61c-467b-91db-d4361d873104,,GRUPOS,Matchday 17,Group J,2026-06-27T22:00:00.000Z,ENCERRADO,Algeria,Austria,3,3
b59a5f79-d8a9-4ad4-a99e-643e36491858,,GRUPOS,Matchday 17,Group J,2026-06-27T22:00:00.000Z,ENCERRADO,Jordan,Argentina,1,3
ecae4b2c-7bfc-4571-91b5-a432eb75590c,73,ROUND_OF_32,Round of 32,,2026-06-28T15:00:00.000Z,ENCERRADO,South Africa,Canada,0,1
a21590e7-aebe-4567-86d6-9f0438253499,76,ROUND_OF_32,Round of 32,,2026-06-29T13:00:00.000Z,ENCERRADO,Brazil,Japan,2,1
a16013d6-3762-4648-be74-335396e2ad8f,74,ROUND_OF_32,Round of 32,,2026-06-29T16:30:00.000Z,ENCERRADO,Germany,Paraguay,1,1
a97d7a61-3abf-4d9d-951f-faccaf20057a,75,ROUND_OF_32,Round of 32,,2026-06-29T21:00:00.000Z,ENCERRADO,Netherlands,Morocco,1,1
d93d8dec-d202-40a3-8957-a021688ac596,78,ROUND_OF_32,Round of 32,,2026-06-30T13:00:00.000Z,ENCERRADO,Ivory Coast,Norway,1,2
9bf02b87-7757-4ccc-a30e-513516a17184,77,ROUND_OF_32,Round of 32,,2026-06-30T17:00:00.000Z,ENCERRADO,France,Sweden,3,0
ed804ac5-a1cb-4eaf-8852-9c06790effe3,79,ROUND_OF_32,Round of 32,,2026-06-30T21:00:00.000Z,ENCERRADO,Mexico,Ecuador,2,0
5c1cd95e-7228-4c95-bc04-b3b1e91aa43e,80,ROUND_OF_32,Round of 32,,2026-07-01T12:00:00.000Z,ENCERRADO,England,DR Congo,2,1
5d64a052-648a-4757-b9d7-fb43a3ecf0fb,82,ROUND_OF_32,Round of 32,,2026-07-01T16:00:00.000Z,ENCERRADO,Belgium,Senegal,3,2
1240cd20-a0b3-4e27-854f-2219824b7fa0,81,ROUND_OF_32,Round of 32,,2026-07-01T20:00:00.000Z,ENCERRADO,USA,Bosnia & Herzegovina,2,0
873d7302-6f61-4fa4-8859-9a0e603a7cee,84,ROUND_OF_32,Round of 32,,2026-07-02T15:00:00.000Z,ENCERRADO,Spain,Austria,3,0
500361c0-756d-4f97-96a5-820633059c0b,83,ROUND_OF_32,Round of 32,,2026-07-02T19:00:00.000Z,ENCERRADO,Portugal,Croatia,2,1
6730aac2-38fd-4988-b570-bd0af1758b20,85,ROUND_OF_32,Round of 32,,2026-07-02T23:00:00.000Z,ENCERRADO,Switzerland,Algeria,2,0
a5f5f8bf-7c23-479e-b4c3-2d4868bdd66e,88,ROUND_OF_32,Round of 32,,2026-07-03T14:00:00.000Z,ENCERRADO,Australia,Egypt,1,1
f6f03838-c355-4ea7-8a55-ecaf2b16e2f4,86,ROUND_OF_32,Round of 32,,2026-07-03T18:00:00.000Z,ENCERRADO,Argentina,Cape Verde,3,2
a34486b0-e0d6-4c3e-807e-187e4b9c7e76,87,ROUND_OF_32,Round of 32,,2026-07-03T21:30:00.000Z,ENCERRADO,Colombia,Ghana,1,0
745592d9-5de4-4c1f-8974-19956d40d9dd,90,ROUND_OF_16,Round of 16,,2026-07-04T13:00:00.000Z,ENCERRADO,Canada,Morocco,0,3
2a015e92-67e6-4393-b85c-fba131f710e8,89,ROUND_OF_16,Round of 16,,2026-07-04T17:00:00.000Z,ENCERRADO,Paraguay,France,0,1
46513a62-3057-4242-b420-66607b6b94b0,91,ROUND_OF_16,Round of 16,,2026-07-05T16:00:00.000Z,ENCERRADO,Brazil,Norway,1,2
1a47241b-f04f-45cf-84c1-9ce6dd2992fd,92,ROUND_OF_16,Round of 16,,2026-07-05T20:00:00.000Z,ENCERRADO,Mexico,England,2,3
7376d781-0d8e-49f7-9f7d-42802bc540d6,93,ROUND_OF_16,Round of 16,,2026-07-06T15:00:00.000Z,ENCERRADO,Portugal,Spain,0,1
8fe26221-e619-4442-b8f6-3bb5a152a9c4,94,ROUND_OF_16,Round of 16,,2026-07-06T20:00:00.000Z,ENCERRADO,USA,Belgium,1,4
c704af5a-073a-493b-8034-73f2e7596f41,95,ROUND_OF_16,Round of 16,,2026-07-07T12:00:00.000Z,ENCERRADO,Argentina,Egypt,3,2
28c7fcad-95ce-4b4c-a066-9578d586ae3d,96,ROUND_OF_16,Round of 16,,2026-07-07T16:00:00.000Z,ENCERRADO,Switzerland,Colombia,0,0
21205efd-340a-4d0b-a4bd-633a4318c780,97,QUARTAS,Quarter-final,,2026-07-09T16:00:00.000Z,ENCERRADO,France,Morocco,2,0
61cf88f8-68d5-4150-b88a-0df92301ba66,98,QUARTAS,Quarter-final,,2026-07-10T15:00:00.000Z,ENCERRADO,Spain,Belgium,2,1
237822a2-65df-4ce2-90aa-68fdcc5f806a,99,QUARTAS,Quarter-final,,2026-07-11T17:00:00.000Z,ENCERRADO,Norway,England,1,2
8e71d448-d369-48c6-a3ee-6f209ceba4fa,100,QUARTAS,Quarter-final,,2026-07-11T21:00:00.000Z,ENCERRADO,Argentina,Switzerland,3,1
2aded486-2abf-404f-8279-ae500ce9bf4e,101,SEMIFINAL,Semi-final,,2026-07-14T15:00:00.000Z,ENCERRADO,France,Spain,0,2
57954696-3169-4ec6-8e2e-085a68a843dd,102,SEMIFINAL,Semi-final,,2026-07-15T15:00:00.000Z,ENCERRADO,England,Argentina,1,2
86850df2-11a2-46c4-bf3d-1b0cfb2b610a,,TERCEIRO_LUGAR,Match for third place,,2026-07-18T17:00:00.000Z,ENCERRADO,France,England,4,6
39b08f81-a568-48d5-8d08-4093d092dab9,,FINAL,Final,,2026-07-19T15:00:00.000Z,ENCERRADO,Spain,Argentina,1,0
